{"cameraMode":{"drawMode":0,"name":"Shaded","section":"Shading Mode"},"sceneLighting":false,"audioPlay":false,"sceneViewState":{"showFog":true,"showMaterialUpdate":false,"showSkybox":true,"showFlares":true,"showImageEffects":true,"showParticleSystems":true},"in2DMode":false,"pivot":{"x":-0.1560158133506775,"y":-0.24684371054172517,"z":1.5623818635940552},"rotation":{"x":0.40014877915382388,"y":0.06646230071783066,"z":-0.029110925272107126,"w":0.9135734438896179},"size":0.1818864643573761,"orthographic":false}