{"cameraMode":{"drawMode":0,"name":"Shaded","section":"Shading Mode"},"sceneLighting":false,"audioPlay":false,"sceneViewState":{"showFog":true,"showMaterialUpdate":false,"showSkybox":true,"showFlares":true,"showImageEffects":true,"showParticleSystems":true},"in2DMode":false,"pivot":{"x":-0.44999998807907107,"y":-0.09931421279907227,"z":2.6630001068115236},"rotation":{"x":-0.09949745237827301,"y":-0.5697612166404724,"z":0.06974875181913376,"w":-0.8127776980400086},"size":0.09841728210449219,"orthographic":false}