{"cameraMode":{"drawMode":0,"name":"Shaded","section":"Shading Mode"},"sceneLighting":false,"audioPlay":false,"sceneViewState":{"showFog":true,"showMaterialUpdate":false,"showSkybox":true,"showFlares":true,"showImageEffects":true,"showParticleSystems":true},"in2DMode":false,"pivot":{"x":-0.17438919842243195,"y":-0.23674370348453523,"z":1.60798180103302},"rotation":{"x":0.1613018661737442,"y":0.2664027512073517,"z":-0.04527152702212334,"w":0.949190080165863},"size":3.70741868019104,"orthographic":false}