{"cameraMode":{"drawMode":0,"name":"Shaded","section":"Shading Mode"},"sceneLighting":false,"audioPlay":false,"sceneViewState":{"showFog":true,"showMaterialUpdate":false,"showSkybox":true,"showFlares":true,"showImageEffects":true,"showParticleSystems":true},"in2DMode":false,"pivot":{"x":-0.44999998807907107,"y":-0.09931421279907227,"z":2.6630001068115236},"rotation":{"x":0.29141899943351748,"y":-0.025528961792588235,"z":0.0077812690287828449,"w":0.95622318983078},"size":0.07488282769918442,"orthographic":false}