{"cameraMode":{"drawMode":0,"name":"Shaded","section":"Shading Mode"},"sceneLighting":false,"audioPlay":false,"sceneViewState":{"showFog":true,"showMaterialUpdate":false,"showSkybox":true,"showFlares":true,"showImageEffects":true,"showParticleSystems":true},"in2DMode":false,"pivot":{"x":-0.25699999928474429,"y":-0.2070000022649765,"z":1.5661563873291016},"rotation":{"x":0.17013707756996156,"y":0.28715959191322329,"z":-0.05190756171941757,"w":0.9412217736244202},"size":0.3513243794441223,"orthographic":false}