{"cameraMode":{"drawMode":0,"name":"Shaded","section":"Shading Mode"},"sceneLighting":false,"audioPlay":false,"sceneViewState":{"showFog":true,"showMaterialUpdate":false,"showSkybox":true,"showFlares":true,"showImageEffects":true,"showParticleSystems":true},"in2DMode":false,"pivot":{"x":0.0000032549069146625699,"y":1.6052581486292184e-7,"z":-0.000004378867743071169},"rotation":{"x":0.15636678040027619,"y":0.4690217077732086,"z":-0.08477561920881272,"w":0.8650903105735779},"size":4.800057411193848,"orthographic":false}