{"cameraMode":{"drawMode":0,"name":"Shaded","section":"Shading Mode"},"sceneLighting":false,"audioPlay":false,"sceneViewState":{"showFog":true,"showMaterialUpdate":false,"showSkybox":true,"showFlares":true,"showImageEffects":true,"showParticleSystems":true},"in2DMode":false,"pivot":{"x":-0.2623450458049774,"y":-0.23033297061920167,"z":1.5664730072021485},"rotation":{"x":0.2481086254119873,"y":0.10756012052297592,"z":-0.027730386704206468,"w":0.9623429775238037},"size":0.0748828575015068,"orthographic":false}