{"cameraMode":{"drawMode":0,"name":"Shaded","section":"Shading Mode"},"sceneLighting":false,"audioPlay":false,"sceneViewState":{"showFog":true,"showMaterialUpdate":false,"showSkybox":true,"showFlares":true,"showImageEffects":true,"showParticleSystems":true},"in2DMode":false,"pivot":{"x":15.699999809265137,"y":1.6699999570846558,"z":-15.600000381469727},"rotation":{"x":0.12747840583324433,"y":0.14996151626110078,"z":-0.019501620903611184,"w":0.9802451133728027},"size":22.0,"orthographic":false}