{"cameraMode":{"drawMode":0,"name":"Shaded","section":"Shading Mode"},"sceneLighting":false,"audioPlay":false,"sceneViewState":{"showFog":true,"showMaterialUpdate":false,"showSkybox":true,"showFlares":true,"showImageEffects":true,"showParticleSystems":true},"in2DMode":false,"pivot":{"x":-0.31176039576530459,"y":-0.21885904669761659,"z":1.501072883605957},"rotation":{"x":0.26222532987594607,"y":0.05815361812710762,"z":-0.01583276130259037,"w":0.9631227254867554},"size":0.14046508073806764,"orthographic":false}