{"cameraMode":{"drawMode":0,"name":"Shaded","section":"Shading Mode"},"sceneLighting":true,"audioPlay":false,"sceneViewState":{"showFog":true,"showMaterialUpdate":false,"showSkybox":true,"showFlares":true,"showImageEffects":true,"showParticleSystems":true},"in2DMode":false,"pivot":{"x":15.68952751159668,"y":2.3736653327941896,"z":-15.604331970214844},"rotation":{"x":0.21565571427345277,"y":-0.4958982467651367,"z":0.1286490261554718,"w":0.8312802910804749},"size":0.28907209634780886,"orthographic":false}