{"cameraMode":{"drawMode":0,"name":"Shaded","section":"Shading Mode"},"sceneLighting":false,"audioPlay":false,"sceneViewState":{"showFog":true,"showMaterialUpdate":false,"showSkybox":true,"showFlares":true,"showImageEffects":true,"showParticleSystems":true},"in2DMode":false,"pivot":{"x":-0.3239222764968872,"y":-0.23626327514648438,"z":1.5446162223815919},"rotation":{"x":0.1916571706533432,"y":-0.5629227757453919,"z":0.13616004586219788,"w":0.7923673391342163},"size":0.12290237098932266,"orthographic":false}