{"cameraMode":{"drawMode":0,"name":"Shaded","section":"Shading Mode"},"sceneLighting":false,"audioPlay":false,"sceneViewState":{"showFog":true,"showMaterialUpdate":false,"showSkybox":true,"showFlares":true,"showImageEffects":true,"showParticleSystems":true},"in2DMode":false,"pivot":{"x":-0.3175862729549408,"y":-0.23033297061920167,"z":1.560954213142395},"rotation":{"x":0.27130135893821719,"y":-0.21819761395454408,"z":0.06329302489757538,"w":0.9352964758872986},"size":0.0748828575015068,"orthographic":false}