{"cameraMode":{"drawMode":0,"name":"Shaded","section":"Shading Mode"},"sceneLighting":true,"audioPlay":false,"sceneViewState":{"showFog":true,"showMaterialUpdate":false,"showSkybox":true,"showFlares":true,"showImageEffects":true,"showParticleSystems":true},"in2DMode":false,"pivot":{"x":0.012903930619359017,"y":-0.09485916793346405,"z":1.4779140949249268},"rotation":{"x":0.36212608218193056,"y":-0.03576044365763664,"z":0.013904409483075142,"w":0.9313391447067261},"size":0.34290844202041628,"orthographic":false}