{"cameraMode":{"drawMode":0,"name":"Shaded","section":"Shading Mode"},"sceneLighting":false,"audioPlay":false,"sceneViewState":{"showFog":true,"showMaterialUpdate":false,"showSkybox":true,"showFlares":true,"showImageEffects":true,"showParticleSystems":true},"in2DMode":false,"pivot":{"x":15.699999809265137,"y":1.6699999570846558,"z":-15.600000381469727},"rotation":{"x":-0.09949745237827301,"y":-0.5697612166404724,"z":0.06974875181913376,"w":-0.8127776980400086},"size":0.3340190052986145,"orthographic":false}