{"cameraMode":{"drawMode":0,"name":"Shaded","section":"Shading Mode"},"sceneLighting":false,"audioPlay":false,"sceneViewState":{"showFog":true,"showMaterialUpdate":false,"showSkybox":true,"showFlares":true,"showImageEffects":true,"showParticleSystems":true},"in2DMode":false,"pivot":{"x":-0.15089568495750428,"y":-0.14619529247283936,"z":1.1763877868652344},"rotation":{"x":0.11634951084852219,"y":-0.10939651727676392,"z":0.012894795276224614,"w":0.9870810508728027},"size":0.30005717277526858,"orthographic":false}