{"cameraMode":{"drawMode":0,"name":"Shaded","section":"Shading Mode"},"sceneLighting":false,"audioPlay":false,"sceneViewState":{"showFog":true,"showMaterialUpdate":false,"showSkybox":true,"showFlares":true,"showImageEffects":true,"showParticleSystems":true},"in2DMode":false,"pivot":{"x":-0.25699999928474429,"y":-0.0729999989271164,"z":1.565999984741211},"rotation":{"x":0.3432791233062744,"y":0.41071832180023196,"z":-0.17042192816734315,"w":0.8273006081581116},"size":0.0242460910230875,"orthographic":false}