{"cameraMode":{"drawMode":0,"name":"Shaded","section":"Shading Mode"},"sceneLighting":false,"audioPlay":false,"sceneViewState":{"showFog":true,"showMaterialUpdate":false,"showSkybox":true,"showFlares":true,"showImageEffects":true,"showParticleSystems":true},"in2DMode":false,"pivot":{"x":0.391633003950119,"y":0.20885120332241059,"z":-0.27150434255599978},"rotation":{"x":0.5743333697319031,"y":-0.031654246151447299,"z":0.022233784198760988,"w":0.8177071213722229},"size":0.4313320219516754,"orthographic":false}