{"cameraMode":{"drawMode":0,"name":"Shaded","section":"Shading Mode"},"sceneLighting":false,"audioPlay":false,"sceneViewState":{"showFog":true,"showMaterialUpdate":false,"showSkybox":true,"showFlares":true,"showImageEffects":true,"showParticleSystems":true},"in2DMode":false,"pivot":{"x":0.0000029082639230182396,"y":0.000014551707863574848,"z":0.0000044445514504332099},"rotation":{"x":0.03876678645610809,"y":-0.16529999673366548,"z":0.006503738928586245,"w":0.9854597449302673},"size":-0.2999427914619446,"orthographic":false}