{"cameraMode":{"drawMode":0,"name":"Shaded","section":"Shading Mode"},"sceneLighting":false,"audioPlay":false,"sceneViewState":{"showFog":true,"showMaterialUpdate":false,"showSkybox":true,"showFlares":true,"showImageEffects":true,"showParticleSystems":true},"in2DMode":false,"pivot":{"x":0.0010771602392196656,"y":0.20211973786354066,"z":-0.003938063979148865},"rotation":{"x":-0.1219462975859642,"y":-0.7519732117652893,"z":0.14525243639945985,"w":-0.6313218474388123},"size":2.130235195159912,"orthographic":false}